{
    "average_reward": 66960.29499999982,
    "max_reward": 120947.07499999976,
    "min_reward": 20020.400000000074,
    "episodes": 5
}