{
    "accuracy": 0.7307692307692307,
    "precision": 0.047619047619047616,
    "recall": 0.03333333333333333,
    "f1_score": 0.0392156862745098
}