feature,perm_mean,perm_std
total_OI_change_last,0.011172161172161132,0.010471642753789595
ema_15_std,0.006410256410256369,0.009203182803224248
regime_pnl_std,0.0,0.0
regime_pnl_mean,-0.0007326007326007449,0.0018677727156017837
return_std,-0.0020146520146520483,0.005582326246933419
total_OI_change_mean,-0.0029304029304029716,0.00927398454298328
ema_5_mean,-0.005311355311355363,0.007571438318166458
volatility_std,-0.005860805860805907,0.00929566120179453
volatility_mean,-0.006410256410256461,0.012931233046229925
ema_5_last,-0.006776556776556841,0.005247820066628001
ema_15_last,-0.007692307692307765,0.0036446426267641866
ema_5_std,-0.008974358974359031,0.006726874605204022
ema_15_mean,-0.011721611721611788,0.005257399301980695
total_OI_change_std,-0.012454212454212514,0.007083911943521499
return_last,-0.015567765567765617,0.009093180650041308
return_mean,-0.019047619047619084,0.012427249416620772
volatility_last,-0.022527472527472565,0.006855299367110945
