feature,perm_mean,perm_std
total_OI_change_std,0.015027322404371601,0.014522057121222214
ema_5_mean,0.0005464480874316946,0.0036247265468365066
regime_pnl_std,0.0,0.0
ema_15_last,0.0,0.0
regime_pnl_mean,0.0,0.0
ema_5_last,-0.0002732240437158473,0.0033351244851731465
ema_15_mean,-0.0016393442622950837,0.006133864568481877
total_OI_change_last,-0.0019125683060109311,0.010932376515706327
return_last,-0.00300546448087432,0.015905770030413005
return_std,-0.0068306010928961824,0.007655150670011977
volatility_std,-0.01311475409836067,0.012627562850591644
ema_5_std,-0.013661202185792365,0.008811210653878205
volatility_mean,-0.015027322404371601,0.008487554408201686
return_mean,-0.021584699453551934,0.011684920644996231
volatility_last,-0.027595628415300562,0.016994886929053533
ema_15_std,-0.03333333333333333,0.016922254171805467
total_OI_change_mean,-0.033606557377049186,0.016711397468167223
