{
    "average_reward": 135207.07499999966,
    "max_reward": 135207.07499999966,
    "min_reward": 135207.07499999966,
    "episodes": 5
}