{
    "average_reward": 47949.64999999994,
    "max_reward": 71795.82500000003,
    "min_reward": 9691.350000000002,
    "episodes": 5
}