{
    "average_reward": 85402.44499999975,
    "max_reward": 121949.22499999957,
    "min_reward": 4785.6250000000255,
    "episodes": 5
}