feature,gain
ema_15_std,1.62880539894104
volatility_last,1.4786927700042725
volatility_mean,1.2923146486282349
total_OI_change_std,1.2721970081329346
volatility_std,1.2645021677017212
return_mean,1.2072863578796387
return_std,1.101738452911377
return_last,0.9078315496444702
ema_5_std,0.8515979647636414
ema_5_mean,0.8310383558273315
ema_5_last,0.7921556830406189
ema_15_last,0.5481942892074585
ema_15_mean,0.34675857424736023
