{
    "accuracy": 0.7049180327868853,
    "precision": 0.23529411764705882,
    "recall": 0.14814814814814814,
    "f1_score": 0.18181818181818182
}